TC;fγf;fγi;fα'i;fα'fr;Cγ;Cα'
80;0.04663916664248142;0.04663916664248142;0.9533608333575185;0;5.647034788611352;0.031015093048979946
80.5;0.046858249374717005;0.046858249374717005;0.953141750625283;0;5.627182861386051;0.030616231219821533
81;0.04707827268199968;0.04707827268199968;0.9529217273180003;0;5.607292869791544;0.030221021117472883
81.5;0.04729924240009859;0.04729924240009859;0.9527007575999014;0;5.587366029002689;0.029829470271241724
82;0.04752116444219448;0.04752116444219448;0.9524788355578055;0;5.567403564659211;0.02944158524937855
82.5;0.04774404479898095;0.04774404479898095;0.952255955201019;0;5.547406712352998;0.02905737166016638
83;0.0479678895387304;0.0479678895387304;0.9520321104612696;0;5.527376717106104;0.028676834153815795
83.5;0.048192704807326736;0.048192704807326736;0.9518072951926733;0;5.5073148328409545;0.028299976425121498
84;0.04841849682826265;0.04841849682826265;0.9515815031717374;0;5.487222321842127;0.027926801216931665
84.5;0.048645271902603655;0.048645271902603655;0.9513547280973963;0;5.467100454211379;0.02755731032437865
85;0.0488730364089186;0.0488730364089186;0.9511269635910814;0;5.446950507316107;0.02719150459988225
85.5;0.049101796803177236;0.049101796803177236;0.9508982031968227;0;5.426773765232051;0.026829383958911743
86;0.049331559618615295;0.049331559618615295;0.9506684403813848;0;5.406571518180875;0.026470947386497575
86.5;0.049562331465567926;0.049562331465567926;0.9504376685344321;0;5.386345061963341;0.02611619294447831
87;0.049794119031271705;0.049794119031271705;0.9502058809687283;0;5.366095697388769;0.025765117779471887
87.5;0.05002692907963637;0.05002692907963637;0.9499730709203636;0;5.345824729701483;0.025417718131554978
88;0.050260768450986745;0.050260768450986745;0.9497392315490133;0;5.325533468004958;0.02507398934363563
88.5;0.050495644061775834;0.050495644061775834;0.9495043559382241;0;5.305223224684372;0.02473392587150051
89;0.050731562904269785;0.050731562904269785;0.9492684370957302;0;5.284895314828269;0.02439752129452139
89.5;0.050968532046205745;0.050968532046205745;0.9490314679537942;0;5.2645510556500446;0.024064768326999726
90;0.051206558630423595;0.051206558630423595;0.9487934413695764;0;5.24419176590997;0.023735658830129406
90.5;0.05144564987447227;0.05144564987447227;0.9485543501255277;0;5.2238187653384225;0.023410183824557885
91;0.05168581307019207;0.05168581307019207;0.948314186929808;0;5.203433374061055;0.02308833350352241
91.5;0.051927055583273825;0.051927055583273825;0.9480729444167262;0;5.183036912026545;0.022770097246539764
92;0.052169384852795826;0.052169384852795826;0.9478306151472041;0;5.1626306984376455;0.022455463633624963
92.5;0.05241280839074013;0.05241280839074013;0.9475871916092599;0;5.142216051186148;0.02214442046001611
93;0.05265733378148882;0.05265733378148882;0.9473426662185112;0;5.121794286292473;0.021836954751379242
93.5;0.052902968681301815;0.052902968681301815;0.9470970313186982;0;5.101366717350437;0.02153305277946915
94;0.053149720817777184;0.053149720817777184;0.9468502791822229;0;5.080934654977916;0.021232700078219924
94.5;0.053397597989295234;0.053397597989295234;0.9466024020107048;0;5.060499406273925;0.02093588146023869
95;0.05364660806444769;0.05364660806444769;0.9463533919355523;0;5.040062274282751;0.020642581033676336
95.5;0.053896758981452964;0.053896758981452964;0.946103241018547;0;5.019624557465676;0.02035278221944949
96;0.05414805874755897;0.05414805874755897;0.945851941252441;0;4.999187549180862;0.020066467768784492
96.5;0.054400515438434625;0.054400515438434625;0.9455994845615654;0;4.978752537171895;0.01978361978105906
97;0.054654137197551286;0.054654137197551286;0.9453458628024487;0;4.958320803065512;0.019504219721911943
97.5;0.05490893223555534;0.05490893223555534;0.9450910677644446;0;4.937893621878983;0.019228248441595566
98;0.05516490882963315;0.05516490882963315;0.9448350911703669;0;4.917472261537601;0.0189556861935434
98.5;0.055422075322869836;0.055422075322869836;0.9445779246771302;0;4.897057982402718;0.01868651265312487
99;0.055680440123602626;0.055680440123602626;0.9443195598763974;0;4.876652036810731;0.018420706936562396
99.5;0.05594001170477044;0.05594001170477044;0.9440599882952295;0;4.856255668623393;0.018158247619983244
100;0.05620079860326064;0.05620079860326064;0.9437992013967393;0;4.835870112789816;0.01789911275857954
100.5;0.05646280941925419;0.05646280941925419;0.9435371905807458;0;4.815496594920486;0.017643279905851978
101;0.05672605281557044;0.05672605281557044;0.9432739471844296;0;4.795136330873606;0.017390726132910206
101.5;0.05699053751701233;0.05699053751701233;0.9430094624829877;0;4.77479052635402;0.01714142804780739
102;0.0572562723097137;0.0572562723097137;0.9427437276902862;0;4.754460376525003;0.01689536181488098
102.5;0.0575232660404892;0.0575232660404892;0.9424767339595108;0;4.734147065633098;0.016652503174080003
103;0.057791527616188214;0.057791527616188214;0.9422084723838118;0;4.713851766646247;0.016412827460251907
103.5;0.05806106600305359;0.05806106600305359;0.9419389339969464;0;4.6935756409053475;0.016176309622369378
104;0.05833189022608635;0.05833189022608635;0.9416681097739137;0;4.673319837789398;0.015942924242672626
104.5;0.05860400936841729;0.05860400936841729;0.9413959906315827;0;4.653085494394334;0.015712645555708303
105;0.058877432570686054;0.058877432570686054;0.941122567429314;0;4.632873735225722;0.0154854474672421
105.5;0.059152169030429205;0.059152169030429205;0.9408478309695708;0;4.612685671905245;0.015261303573028248
106;0.0594282280014776;0.0594282280014776;0.9405717719985224;0;4.592522402891175;0.01504018717741342
106.5;0.05970561879336405;0.05970561879336405;0.940294381206636;0;4.5723850132127515;0.014822071311760054
107;0.059984350770742066;0.059984350770742066;0.940015649229258;0;4.552274574218516;0.014606928752670608
107.5;0.060264433352816456;0.060264433352816456;0.9397355666471835;0;4.532192143338562;0.014394732039994603
108;0.06054587601278637;0.06054587601278637;0.9394541239872136;0;4.512138763860656;0.01418545349460618
108.5;0.06082868827730153;0.06082868827730153;0.9391713117226985;0;4.492115464720183;0.01397906523593383
109;0.06111287972593213;0.06111287972593213;0.9388871202740678;0;4.472123260303804;0.013775539199231213
109.5;0.06139845999065323;0.06139845999065323;0.9386015400093468;0;4.452163150266748;0.013574847152573495
110;0.06168543875534395;0.06168543875534395;0.9383145612446561;0;4.432236119363588;0.01337696071356909
110.5;0.06197382575530207;0.06197382575530207;0.9380261742446979;0;4.412343137292391;0.013181851365773599
111;0.06226363077677455;0.06226363077677455;0.9377363692232255;0;4.392485158552093;0.012989490474795204
111.5;0.0625548636565039;0.0625548636565039;0.9374451363434961;0;4.372663122312742;0.012799849304092042
112;0.06284753428129224;0.06284753428129224;0.9371524657187078;0;4.352877952298924;0.012612899030422224
112.5;0.0631416525875811;0.0631416525875811;0.9368583474124189;0;4.333130556685473;0.012428610758982819
113;0.06343722856104948;0.06343722856104948;0.9365627714389505;0;4.313421828005799;0.012246955538194318
113.5;0.06373427223622903;0.06373427223622903;0.9362657277637709;0;4.293752643072354;0.012067904374140402
114;0.06403279369613729;0.06403279369613729;0.9359672063038627;0;4.274123862909082;0.01189142824465394
114.5;0.06433280307192894;0.06433280307192894;0.9356671969280711;0;4.254536332695566;0.011717498113044084
115;0.06463431054256528;0.06463431054256528;0.9353656894574347;0;4.234990881722632;0.011546084941460215
115.5;0.06493732633450208;0.06493732633450208;0.9350626736654979;0;4.2154883233591285;0.011377159703890609
116;0.06524186072139593;0.06524186072139593;0.9347581392786041;0;4.196029455029633;0.011210693398790604
116.5;0.06554792402382907;0.06554792402382907;0.934452075976171;0;4.176615058202773;0.011046657061340646
117;0.06585552660905308;0.06585552660905308;0.934144473390947;0;4.157245898389893;0.01088502177533074
117.5;0.066164678890751;0.066164678890751;0.9338353211092489;0;4.13792272515376;0.01072575868467189
118;0.06647539132881818;0.06647539132881818;0.9335246086711818;0;4.118646272127031;0.010568839004533512
118.5;0.06678767442916168;0.06678767442916168;0.9332123255708383;0;4.099417257040161;0.01041423403210746
119;0.06710153874351847;0.06710153874351847;0.9328984612564816;0;4.080236381758446;0.010261915156999155
119.5;0.06741699486929192;0.06741699486929192;0.932583005130708;0;4.0611043323279175;0.010111853871247908
120;0.06773405344940661;0.06773405344940661;0.9322659465505934;0;4.0420217790297475;0.00996402177897817
120.5;0.06805272517218174;0.06805272517218174;0.9319472748278183;0;4.022989376442882;0.009818390605683333
121;0.06837302077122237;0.06837302077122237;0.9316269792287777;0;4.004007763514577;0.009674932207146039
121.5;0.06869495102532887;0.06869495102532887;0.9313050489746711;0;3.985077563638529;0.009533618577997846
122;0.06901852675842406;0.06901852675842406;0.930981473241576;0;3.9661993847403014;0.009394421859921188
122.5;0.06934375883949799;0.06934375883949799;0.930656241160502;0;3.9473738193697203;0.009257314349499543
123;0.0696706581825703;0.0696706581825703;0.9303293418174297;0;3.928601444799959;0.009122268505717512
123.5;0.06999923574666944;0.06999923574666944;0.9300007642533306;0;3.909882823132986;0.008989256957118701
124;0.07032950253582922;0.07032950253582922;0.9296704974641707;0;3.8912185014110876;0.008858252508623186
124.5;0.07066146959910184;0.07066146959910184;0.9293385304008982;0;3.8726090117341614;0.008729228148012915
125;0.07099514803058755;0.07099514803058755;0.9290048519694124;0;3.854054871382493;0.008602157052088062
125.5;0.07133054896948042;0.07133054896948042;0.9286694510305196;0;3.835556582944729;0.008477012592501838
126;0.07166768360012998;0.07166768360012998;0.92833231639987;0;3.8171146344507445;0.008353768341278841
126.5;0.07200656315211876;0.07200656315211876;0.9279934368478813;0;3.798729499509151;0.008232398076023674
127;0.07234719890035483;0.07234719890035483;0.9276528010996452;0;3.780401637449145;0.008112875784825984
127.5;0.0726896021651797;0.0726896021651797;0.9273103978348203;0;3.762131493466439;0.007995175670868078
128;0.07303378431249083;0.07303378431249083;0.9269662156875091;0;3.7439194987730096;0.007879272156742395
128.5;0.07337975675387866;0.07337975675387866;0.9266202432461214;0;3.725766070750406;0.007765139888485433
129;0.0737275309467777;0.0737275309467777;0.9262724690532222;0;3.707671613106355;0.00765275373933454
129.5;0.0740771183946316;0.0740771183946316;0.9259228816053684;0;3.6896365160344198;0.0075420888132150645
130;0.07442853064707165;0.07442853064707165;0.9255714693529283;0;3.6716611563764947;0.007433120447963933
130.5;0.07478177930010844;0.07478177930010844;0.9252182206998916;0;3.6537458977878523;0.007325824218298558
131;0.0751368759963365;0.0751368759963365;0.9248631240036636;0;3.6358910909045674;0.0072201759385356855
131.5;0.07549383242515148;0.07549383242515148;0.9245061675748485;0;3.618097073513059;0.007116151665069209
132;0.07585266032297962;0.07585266032297962;0.9241473396770203;0;3.6003641707215497;0.007013727698612856
132.5;0.07621337147351902;0.07621337147351902;0.923786628526481;0;3.5826926951332423;0.006912880586216022
133;0.0765759777079928;0.0765759777079928;0.9234240222920072;0;3.5650829470209837;0.006813587123057898
133.5;0.07694049090541329;0.07694049090541329;0.9230595090945867;0;3.547535214503259;0.006715824354029305
134;0.07730692299285749;0.07730692299285749;0.9226930770071425;0;3.530049773721289;0.006619569575106873
134.5;0.07767528594575293;0.07767528594575293;0.9223247140542471;0;3.5126268890170778;0.006524800334528687
135;0.07804559178817426;0.07804559178817426;0.9219544082118257;0;3.4952668131122326;0.006431494433775705
135.5;0.07841785259314965;0.07841785259314965;0.9215821474068504;0;3.477969787287353;0.0063396299283688205
136;0.07879208048297714;0.07879208048297714;0.9212079195170229;0;3.460736041561875;0.006249185128485593
136.5;0.07916828762955053;0.07916828762955053;0.9208317123704495;0;3.443565794874184;0.0061601385994047575
137;0.07954648625469429;0.07954648625469429;0.9204535137453057;0;3.4264592552618525;0.00607246916178409
137.5;0.07992668863050774;0.07992668863050774;0.9200733113694922;0;3.409416620041866;0.0059861558917795364
138;0.08030890707971745;0.08030890707971745;0.9196910929202825;0;3.392438075990692;0.005901178121010496
138.5;0.08069315397603846;0.08069315397603846;0.9193068460239615;0;3.3755237995240646;0.005817515436377612
139;0.08107944174454335;0.08107944174454335;0.9189205582554567;0;3.358673956876357;0.005735147679740514
139.5;0.08146778286203918;0.08146778286203918;0.9185322171379608;0;3.3418887042794374;0.005654054947459817
140;0.08185818985745225;0.08185818985745225;0.9181418101425478;0;3.325168188140857;0.0055742175898103605
140.5;0.08225067531221983;0.08225067531221983;0.9177493246877801;0;3.308512545221314;0.0054956162102716396
141;0.08264525186068955;0.08264525186068955;0.9173547481393105;0;3.2919219028112465;0.005418231664699082
141.5;0.08304193219052498;0.08304193219052498;0.916958067809475;0;3.2753963789064886;0.0053420450603848665
142;0.08344072904311835;0.08344072904311835;0.9165592709568816;0;3.2589360823828746;0.005267037755011074
142.5;0.08384165521400956;0.08384165521400956;0.9161583447859905;0;3.2425411131697195;0.005193191355501144
143;0.0842447235533113;0.0842447235533113;0.9157552764466887;0;3.226211562422093;0.005120487716775592
143.5;0.08464994696614013;0.08464994696614013;0.9153500530338599;0;3.2099475126918007;0.0050489089404154594
144;0.08505733841305355;0.08505733841305355;0.9149426615869465;0;3.1937490380970117;0.004978437373240182
144.5;0.08546691091049224;0.08546691091049224;0.9145330890895078;0;3.177616204490461;0.004909055605802608
145;0.0858786775312282;0.0858786775312282;0.9141213224687718;0;3.161549069626155;0.004840746470807617
145.5;0.08629265140481748;0.08629265140481748;0.9137073485951825;0;3.1455476833245477;0.004773493041457286
146;0.08670884571805834;0.08670884571805834;0.9132911542819416;0;3.129612087636091;0.004707278629727969
146.5;0.08712727371545419;0.08712727371545419;0.9128727262845459;0;3.1137423170031555;0.004642086784582846
147;0.08754794869968091;0.08754794869968091;0.9124520513003191;0;3.0979383984202316;0.0045779012901246904
147.5;0.08797088403205898;0.08797088403205898;0.912029115967941;0;3.0822003515924097;0.004514706163691803
148;0.08839609313302968;0.08839609313302968;0.9116039068669703;0;3.066528189092062;0.004452485653901753
148.5;0.08882358948263575;0.08882358948263575;0.9111764105173643;0;3.0509219165137145;0.004391224238646378
149;0.08925338662100572;0.08925338662100572;0.9107466133789943;0;3.0353815326270674;0.0043309066230416
149.5;0.08968549814884241;0.08968549814884241;0.9103145018511576;0;3.0199070295281474;0.004271517737335039
150;0.09011993772791509;0.09011993772791509;0.909880062272085;0;3.004498392788535;0.004213042734775954
150.5;0.0905567190815552;0.0905567190815552;0.9094432809184448;0;2.9891556016026835;0.0041554669894486905
151;0.09099585599515564;0.09099585599515564;0.9090041440048444;0;2.973878628933278;0.004098776094075334
151.5;0.09143736231667345;0.09143736231667345;0.9085626376833266;0;2.958667441654633;0.004042955857787999
152;0.09188125195713572;0.09188125195713572;0.9081187480428643;0;2.9435220006941094;0.00398799230387494
152.5;0.09232753889114846;0.09232753889114846;0.9076724611088516;0;2.9284422611715346;0.003933871667504016
153;0.09277623715740899;0.09277623715740899;0.907223762842591;0;2.913428172536626;0.003880580393423355
153.5;0.09322736085922063;0.09322736085922063;0.9067726391407793;0;2.8984796787043923;0.0038281051336454307
154;0.09368092416501098;0.09368092416501098;0.906319075834989;0;2.883596718188527;0.00377643274511329
154.5;0.0941369413088522;0.0941369413088522;0.9058630586911478;0;2.868779224232783;0.00372555028735442
155;0.09459542659098458;0.09459542659098458;0.9054045734090155;0;2.854027124940308;0.0036754450201224634
155.5;0.09505639437834228;0.09505639437834228;0.9049436056216578;0;2.8393403434009783;0.0036261044010296754
156;0.09551985910508198;0.09551985910508198;0.904480140894918;0;2.824718797816695;0.0035775160831719166
156.5;0.09598583527311351;0.09598583527311351;0.9040141647268864;0;2.8101624016246762;0.003529667912748322
157;0.0964543374526332;0.0964543374526332;0.9035456625473668;0;2.795671063618726;0.0034825479266776546
157.5;0.09692538028265942;0.09692538028265942;0.9030746197173406;0;2.781244688068505;0.003436144350212181
158;0.0973989784715704;0.0973989784715704;0.9026010215284296;0;2.7668831748367984;0.0033904455945524513
158.5;0.09787514679764417;0.09787514679764417;0.9021248532023558;0;2.7525864194948007;0.0033454402544627585
159;0.09835390010960068;0.09835390010960068;0.9016460998903993;0;2.7383543134354174;0.0033011171058898838
159.5;0.09883525332714609;0.09883525332714609;0.901164746672854;0;2.7241867439846006;0.0032574651035865198
160;0.09931922144151888;0.09931922144151888;0.9006807785584812;0;2.7100835945107384;0.0032144733787402343
160.5;0.09980581951603815;0.09980581951603815;0.9001941804839618;0;2.696044744532091;0.003172131236610343
161;0.10029506268665378;0.10029506268665378;0.8997049373133462;0;2.682070069822318;0.0031304281541718404
161.5;0.1007869661624986;0.1007869661624986;0.8992130338375014;0;2.6681594425140798;0.003089353777770172
162;0.1012815452264423;0.1012815452264423;0.8987184547735577;0;2.6543127312007564;0.003048897920786336
162.5;0.1017788152356472;0.1017788152356472;0.8982211847643528;0;2.6405298010362905;0.0030090505613132885
163;0.10227879162212622;0.10227879162212622;0.8977212083778738;0;2.6268105138331586;0.0029698018398455137
163.5;0.10278148989330194;0.10278148989330194;0.8972185101066981;0;2.6131547281585257;0.0029311420569820413
164;0.10328692563256792;0.10328692563256792;0.8967130743674321;0;2.599562299428558;0.0028930616711441417
164.5;0.10379511449985185;0.10379511449985185;0.8962048855001481;0;2.5860330800009446;0.0028555512963081785
165;0.10430607223218008;0.10430607223218008;0.89569392776782;0;2.5725669192656393;0.0028186016997541682
165.5;0.10481981464424413;0.10481981464424413;0.8951801853557558;0;2.559163663733833;0.0027822037998320084
166;0.10533635762896866;0.10533635762896866;0.8946636423710314;0;2.545823157125202;0.002746348663744337
166.5;0.10585571715808141;0.10585571715808141;0.8941442828419186;0;2.5325452404534214;0.002711027505348194
167;0.1063779092826848;0.1063779092826848;0.8936220907173152;0;2.5193297521099915;0.0026762316829741554
167.5;0.1069029501338287;0.1069029501338287;0.8930970498661713;0;2.506176527946395;0.0026419526972661523
168;0.1074308559230856;0.1074308559230856;0.8925691440769143;0;2.4930854013545867;0.002608182189039672
168.5;0.10796164294312698;0.10796164294312698;0.8920383570568731;0;2.480056203345865;0.002574911937160832
169;0.10849532756830134;0.10849532756830134;0.8915046724316986;0;2.4670887626281353;0.002542133856445657
169.5;0.1090319262552142;0.1090319262552142;0.8909680737447858;0;2.4541829056815816;0.002509839995580067
170;0.10957145554330934;0.10957145554330934;0.8904285444566906;0;2.441338456832785;0.002478022535061726
170.5;0.11011393205545213;0.11011393205545213;0.8898860679445478;0;2.4285552383272937;0.00244667378516269
171;0.11065937249851411;0.11065937249851411;0.8893406275014859;0;2.415833070400691;0.0024157861839142316
171.5;0.1112077936639595;0.1112077936639595;0.8887922063360405;0;2.4031717713481515;0.0023853522951141595
172;0.11175921242843337;0.11175921242843337;0.8882407875715667;0;2.390571157592545;0.002355364806355301
172.5;0.1123136457543514;0.1123136457543514;0.8876863542456486;0;2.3780310437510845;0.002325816527077388
173;0.11287111069049141;0.11287111069049141;0.8871288893095086;0;2.365551242700547;0.0022967003866416424
173.5;0.11343162437258647;0.11343162437258647;0.8865683756274135;0;2.3531315656411054;0.0022680094324271376
174;0.11399520402392004;0.11399520402392004;0.88600479597608;0;2.340771822158764;0.0022397368279511885
174.5;0.11456186695592233;0.11456186695592233;0.8854381330440777;0;2.3284718202864605;0.002211875851011823
175;0.11513163056876885;0.11513163056876885;0.8848683694312311;0;2.3162313665638146;0.002184419891854107
175.5;0.11570451235198051;0.11570451235198051;0.8842954876480195;0;2.304050266095578;0.002157362451358733
176;0.11628052988502562;0.11628052988502562;0.8837194701149744;0;2.2919283226087948;0.002130697139254434
176.5;0.1168597008379234;0.1168597008379234;0.8831402991620766;0;2.2798653385086904;0.0021044176723529484
177;0.11744204297184971;0.11744204297184971;0.8825579570281503;0;2.267861114933328;0.0020785178728075448
177.5;0.11802757413974412;0.11802757413974412;0.8819724258602559;0;2.255915451807031;0.0020529916663944462
178;0.1186163122869194;0.1186163122869194;0.8813836877130806;0;2.2440281478926067;0.0020278330808173625
178.5;0.1192082754516723;0.1192082754516723;0.8807917245483277;0;2.2321990008424097;0.002003036244034861
179;0.11980348176589653;0.11980348176589653;0.8801965182341035;0;2.2204278072482273;0.0019785953826101437
179.5;0.1204019494556975;0.1204019494556975;0.8795980505443025;0;2.2087143626900088;0.001954504820088208
180;0.12100369684200925;0.12100369684200925;0.8789963031579907;0;2.197058461783557;0.0019307589753859364
180.5;0.12160874234121302;0.12160874234121302;0.878391257658787;0;2.185459898227042;0.0019073523612145229
181;0.12221710446575783;0.12221710446575783;0.8777828955342422;0;2.1739184648464787;0.00188427958252027
181.5;0.1228288018247833;0.1228288018247833;0.8771711981752167;0;2.162433953640143;0.0018615353349483764
182;0.12344385312474418;0.12344385312474418;0.8765561468752558;0;2.151006155821966;0.0018391144033282365
182.5;0.12406227717003707;0.12406227717003707;0.875937722829963;0;2.1396348618638963;0.0018170116601822297
183;0.12468409286362919;0.12468409286362919;0.8753159071363708;0;2.1283198615372796;0.0017952220642555856
183.5;0.12530931920768928;0.12530931920768928;0.8746906807923107;0;2.117060943953257;0.0017737406590684563
184;0.1259379753042205;0.1259379753042205;0.8740620246957795;0;2.1058578976022146;0.0017525625714890944
184.5;0.12657008035569556;0.12657008035569556;0.8734299196443045;0;2.094710510392286;0.001731683010329524
185;0.12720565366569417;0.12720565366569417;0.8727943463343059;0;2.0836185696869363;0.001711097264961414
185.5;0.12784471463954222;0.12784471463954222;0.8721552853604577;0;2.0725818623416585;0.0016908007039537177
186;0.12848728278495367;0.12848728278495367;0.8715127172150463;0;2.061600174739769;0.001670788773731304
186.5;0.12913337771267436;0.12913337771267436;0.8708666222873256;0;2.050673292827347;0.0016510569972536535
187;0.12978301913712842;0.12978301913712842;0.8702169808628716;0;2.039801002147328;0.0016316009727146193
187.5;0.13043622687706663;0.13043622687706663;0.8695637731229333;0;2.028983087872755;0.0016124163722626228
188;0.13109302085621727;0.13109302085621727;0.8689069791437827;0;2.018219334839234;0.001593498940740335
188.5;0.13175342110393956;0.13175342110393956;0.8682465788960605;0;2.00750952757657;0.001574844494444655
189;0.13241744775587888;0.13241744775587888;0.8675825522441212;0;1.9968534503396438;0.0015564489199066766
189.5;0.13308512105462508;0.13308512105462508;0.8669148789453749;0;1.9862508871385063;0.001538308172690107
190;0.13375646135037278;0.13375646135037278;0.8662435386496272;0;1.9757016217677337;0.0015204182762102265
190.5;0.13443148910158448;0.13443148910158448;0.8655685108984155;0;1.9652054378350425;0.0015027753205705586
191;0.1351102248756558;0.1351102248756558;0.8648897751243442;0;1.9547621187891957;0.0014853754614193488
191.5;0.13579268934958363;0.13579268934958363;0.8642073106504163;0;1.9443714479471919;0.0014682149188238753
192;0.13647890331063636;0.13647890331063636;0.8635210966893636;0;1.9340332085207783;0.0014512899761638695
192.5;0.1371688876570276;0.1371688876570276;0.8628311123429724;0;1.9237471836422808;0.0014345969790419497
193;0.13786266339859118;0.13786266339859118;0.8621373366014088;0;1.913513156389781;0.001418132334213072
193.5;0.13856025165746003;0.13856025165746003;0.86143974834254;0;1.9033309098116413;0.0014018925085310205
194;0.13926167366874725;0.13926167366874725;0.8607383263312527;0;1.8932002269504016;0.001385874027911892
194.5;0.13996695078122962;0.13996695078122962;0.8600330492187704;0;1.8831208908660566;0.0013700734763159405
195;0.14067610445803436;0.14067610445803436;0.8593238955419656;0;1.8730926846587261;0.001354487494745378
195.5;0.14138915627732834;0.14138915627732834;0.8586108437226716;0;1.8631153914907348;0.0013391127802590548
196;0.1421061279330103;0.1421061279330103;0.8578938720669897;0;1.8531887946081116;0.0013239460850041213
196.5;0.1428270412354057;0.1428270412354057;0.8571729587645943;0;1.8433126773615207;0.0013089842152631832
197;0.1435519181119643;0.1435519181119643;0.8564480818880357;0;1.8334868232266412;0.0012942240305187226
197.5;0.1442807806079612;0.1442807806079612;0.8557192193920388;0;1.823711015823999;0.0012796624425315344
198;0.1450136508872004;0.1450136508872004;0.8549863491127996;0;1.8139850389382726;0.0012652964144364161
198.5;0.14575055123272107;0.14575055123272107;0.8542494487672789;0;1.804308676537076;0.0012511229598523386
199;0.1464915040475075;0.1464915040475075;0.8535084959524926;0;1.7946817127892325;0.0012371391420080786
199.5;0.14723653185520136;0.14723653185520136;0.8527634681447986;0;1.7851039320825608;0.0012233420728823183
200;0.14798565730081736;0.14798565730081736;0.8520143426991826;0;1.7755751190411606;0.0012097289123591951
200.5;0.14873890315146218;0.14873890315146218;0.8512610968485378;0;1.7660950585422348;0.0011962968673976965
201;0.14949629229705597;0.14949629229705597;0.850503707702944;0;1.7566635357324427;0.0011830431912150938
201.5;0.15025784775105736;0.15025784775105736;0.8497421522489427;0;1.7472803360438;0.0011699651824856043
202;0.1510235926511916;0.1510235926511916;0.8489764073488084;0;1.7379452452091306;0.0011570601845515064
202.5;0.15179355026018201;0.15179355026018201;0.848206449739818;0;1.72865804927709;0.0011443255846483732
203;0.15256774396648412;0.15256774396648412;0.8474322560335159;0;1.7194185346267588;0.0011317588131444073
203.5;0.1533461972850239;0.1533461972850239;0.8466538027149761;0;1.7102264879818245;0.0011193573427912917
204;0.1541289338579384;0.1541289338579384;0.8458710661420616;0;1.7010816964243576;0.0011071186879902672
204.5;0.15491597745532062;0.15491597745532062;0.8450840225446794;0;1.6919839474081866;0.0010950404040686972
205;0.155707351975967;0.155707351975967;0.844292648024033;0;1.6829330287718887;0.001083120086570875
205.5;0.1565030814481284;0.1565030814481284;0.8434969185518716;0;1.673928728751404;0.0010713553705603538
206;0.15730319003026522;0.15730319003026522;0.8426968099697347;0;1.6649708359922695;0.0010597439299349638
206.5;0.1581077020118047;0.1581077020118047;0.8418922979881953;0;1.6560591395615059;0.0010482834767531494
207;0.15891664181390303;0.15891664181390303;0.841083358186097;0;1.6471934289591337;0.0010369717605728018
207.5;0.15973003399020985;0.15973003399020985;0.8402699660097901;0;1.6383734941293577;0.0010258065678012986
208;0.1605479032276372;0.1605479032276372;0.8394520967723628;0;1.6295991254714033;0.001014785721056782
208.5;0.16137027434713128;0.16137027434713128;0.8386297256528688;0;1.6208701138500303;0.0010039070785412408
209;0.16219717230444838;0.16219717230444838;0.8378028276955516;0;1.6121862506057196;0.0009931685334236089
209.5;0.16302862219093409;0.16302862219093409;0.8369713778090659;0;1.6035473275645418;0.000982568013235402
210;0.16386464923430644;0.16386464923430644;0.8361353507656936;0;1.5949531370477241;0.0009721034792749689
210.5;0.1647052787994424;0.1647052787994424;0.8352947212005576;0;1.5864034718809155;0.000961772926023679
211;0.1655505363891685;0.1655505363891685;0.8344494636108315;0;1.5778981254031517;0.00095157438057163
211.5;0.16640044764505485;0.16640044764505485;0.8335995523549451;0;1.5694368914755372;0.0009415059020545552
212;0.16725503834821315;0.16725503834821315;0.8327449616517868;0;1.5610195644896483;0.0009315655810992444
212.5;0.16811433442009865;0.16811433442009865;0.8318856655799014;0;1.5526459393756569;0.0009217515392796041
213;0.16897836192331545;0.16897836192331545;0.8310216380766846;0;1.544315811610193;0.0009120619285824894
213.5;0.16984714706242635;0.16984714706242635;0.8301528529375737;0;1.5360289772239366;0.0009024949308826325
214;0.17072071618476614;0.17072071618476614;0.8292792838152339;0;1.5277852328089643;0.0008930487574266881
214.5;0.1715990957812589;0.1715990957812589;0.8284009042187411;0;1.5195843755258385;0.0008837216483271004
215;0.17248231248723941;0.17248231248723941;0.8275176875127606;0;1.5114262031104557;0.0008745118720646599
215.5;0.17337039308327865;0.17337039308327865;0.8266296069167214;0;1.5033105138806568;0.0008654177249992303
216;0.17426336449601298;0.17426336449601298;0.825736635503987;0;1.495237106742607;0.0008564375308900739
216.5;0.17516125379897765;0.17516125379897765;0.8248387462010224;0;1.4872057811969421;0.0008475696404244068
217;0.17606408821344463;0.17606408821344463;0.8239359117865553;0;1.4792163373447;0.0008388124307541689
217.5;0.1769718951092638;0.1769718951092638;0.8230281048907362;0;1.471268575893033;0.0008301643050412579
218;0.17788470200570933;0.17788470200570933;0.8221152979942907;0;1.4633622981607077;0.0008216236920104478
218.5;0.17880253657232933;0.17880253657232933;0.8211974634276706;0;1.4554973060834009;0.0008131890455107357
219;0.17972542662980057;0.17972542662980057;0.8202745733701995;0;1.447673402218789;0.0008048588440843317
219.5;0.1806534001507864;0.1806534001507864;0.8193465998492135;0;1.4398903897514492;0.0007966315905434596
220;0.18158648526080023;0.18158648526080023;0.8184135147391998;0;1.432148072497562;0.0007885058115536255
220.5;0.18252471023907224;0.18252471023907224;0.8174752897609278;0;1.4244462549094228;0.0007804800572265627
221;0.18346810351942114;0.18346810351942114;0.8165318964805789;0;1.416784742079782;0.0007725529007180629
221.5;0.18441669369112992;0.18441669369112992;0.8155833063088701;0;1.4091633397459973;0.0007647229378339462
222;0.18537050949982603;0.18537050949982603;0.814629490500174;0;1.4015818542940124;0.0007569887866439194
222.5;0.18632957984836654;0.18632957984836654;0.8136704201516335;0;1.3940400927621688;0.0007493490871005319
223;0.187293933797727;0.187293933797727;0.812706066202273;0;1.3865378628448495;0.0007418025006662497
223.5;0.18826360056789523;0.18826360056789523;0.8117363994321047;0;1.3790749728959615;0.0007343477099466289
224;0.18923860953876978;0.18923860953876978;0.8107613904612302;0;1.3716512319322542;0.0007269834183307042
224.5;0.1902189902510627;0.1902189902510627;0.8097810097489373;0;1.3642664496364958;0.0007197083496361473
225;0.19120477240720696;0.19120477240720696;0.808795227592793;0;1.3569204363604872;0.0007125212477627877
225.5;0.19219598587226852;0.19219598587226852;0.8078040141277315;0;1.3496130031279316;0.000705420876350901
226;0.19319266067486343;0.19319266067486343;0.8068073393251366;0;1.3423439616371657;0.000698406018446213
226.5;0.19419482700807886;0.19419482700807886;0.8058051729919211;0;1.3351131242637444;0.0006914754761705397
227;0.19520251523039964;0.19520251523039964;0.8047974847696003;0;1.3279203040628933;0.0006846280703984998
227.5;0.1962157558666391;0.1962157558666391;0.8037842441333609;0;1.3207653147718244;0.0006778626404397663
228;0.19723457960887508;0.19723457960887508;0.802765420391125;0;1.3136479708119253;0.0006711780437272531
228.5;0.1982590173173902;0.1982590173173902;0.8017409826826098;0;1.3065680872908183;0.0006645731555108383
229;0.19928910002161768;0.19928910002161768;0.8007108999783823;0;1.2995254800042986;0.0006580468685560455
229.5;0.20032485892109145;0.20032485892109145;0.7996751410789086;0;1.2925199654381498;0.000651598092848584
230;0.2013663253864019;0.2013663253864019;0.7986336746135981;0;1.2855513607698403;0.0006452257553041194
230.5;0.20241353096015563;0.20241353096015563;0.7975864690398444;0;1.2786194838701104;0.0006389287994830174
231;0.2034665073579411;0.2034665073579411;0.7965334926420589;0;1.2717241533044408;0.0006327061853099876
231.5;0.20452528646929902;0.20452528646929902;0.795474713530701;0;1.264865188334416;0.0006265568887991578
232;0.20558990035869726;0.20558990035869726;0.7944100996413027;0;1.25804240891898;0.0006204799017838096
232.5;0.20666038126651187;0.20666038126651187;0.7933396187334881;0;1.251255635715588;0.0006144742316506536
233;0.2077367616100123;0.2077367616100123;0.7922632383899877;0;1.2445046900812586;0.0006085389010793153
233.5;0.20881907398435257;0.20881907398435257;0.7911809260156475;0;1.2377893940735214;0.0006026729477858382
234;0.20990735116356662;0.20990735116356662;0.7900926488364334;0;1.2311095704512787;0.0005968754242716729
234.5;0.21100162610157025;0.21100162610157025;0.7889983738984298;0;1.2244650426755619;0.0005911453975757349
235;0.21210193193316684;0.21210193193316684;0.7878980680668332;0;1.2178556349102059;0.0005854819490322193
235.5;0.2094240041361322;0.2132083019750599;0.7867916980249401;0.0036213468178386958;1.2112811720224268;0.0005798841740317088
236;0.20420735449439514;0.21432076972686948;0.7856792302731306;0.009680797125975759;1.20474147958332;0.0005743511817874201
236.5;0.1991530078901798;0.21543936887215492;0.784560631127845;0.015594273568707476;1.1982363838682666;0.0005688820951043037
237;0.19425516696692482;0.21656413327944277;0.7834358667205572;0.021367203980530446;1.1917657118572627;0.000563476050153697
237.5;0.18950826499108486;0.21769509700326004;0.7823049029967399;0.027004803342760293;1.1853292912351658;0.000558132196250627
238;0.184906955831808;0.21883229428517265;0.7811677057148274;0.03251208297974249;1.1789269503918622;0.0005528496956363774
238.5;0.180446104409936;0.2199757595548302;0.7800242404451698;0.03789385932709394;1.1725585184223604;0.0005476277232633507
239;0.17612077759285652;0.22112552743101554;0.7788744725689845;0.043154762293249146;1.1662238251268082;0.0005424654665852358
239.5;0.171926235512982;0.22228163272270002;0.7777183672773;0.04829924323446353;1.1599227010104378;0.0005373621253497855
240;0.1678579232888096;0.2234441104301045;0.7765558895698955;0.053331582562363214;1.1536549772834426;0.0005323169113955053
240.5;0.1639114631286137;0.22461299574576624;0.7753870042542338;0.05825589700214069;1.1474204858607804;0.000527329048452558
241;0.16008264679788353;0.22578832405561083;0.7742116759443891;0.06307614651853789;1.1412190593619145;0.0005223977719461336
241.5;0.15636742843259674;0.22697013094003043;0.7730298690599695;0.06779614092587716;1.135050531110487;0.0005175223288040654
242;0.15276191768136133;0.22815845217496736;0.7718415478250327;0.07241954619754895;1.128914735133931;0.0005127019772675657
242.5;0.14926237316033564;0.2293533237330039;0.7706466762669961;0.07694989048957461;1.1228115061630168;0.0005079359867050883
243;0.14586519620567787;0.23055478178445724;0.7694452182155428;0.0813905698920997;1.116740679631343;0.0005032236374298214
243.5;0.14256692490906156;0.23176286269848098;0.768237137301519;0.08574485392196744;1.1107020916747667;0.0004985642205199044
244;0.13936422842253537;0.2329776030441721;0.7670223969558279;0.0900158907688485;1.1046955791307747;0.0004939570376425956
244.5;0.1362539015197242;0.23419903959168403;0.765800960408316;0.0942067123067546;1.0987209795378041;0.0004894014008804215
245;0.13323285940101837;0.23542720931334565;0.7645727906866544;0.09832023888217609;1.092778131134504;0.00048489663256135504
245.5;0.13029813273104585;0.2366621493847861;0.7633378506152139;0.10235928388949665;1.08686687285895;0.00048044206509119413
246;0.12744686289730386;0.2379038971860659;0.7620961028139341;0.10632655814381257;1.0809870443478022;0.0004760370407894201
246.5;0.1246762974794033;0.23915249030281407;0.760847509697186;0.11022467406076154;1.0751384859354163;0.00047168091172806504
247;0.12198378591891065;0.2404079665273712;0.7595920334726288;0.11405614965248384;1.0693210386529077;0.0004673730395722321
247.5;0.11936677538027197;0.2416703638599387;0.7583296361400613;0.11782341234838811;1.0635345442271666;0.00046311279542502
248;0.11682280679379152;0.24293972050973464;0.7570602794902653;0.12152880264894997;1.0577788450798276;0.00045889955967368806
248.5;0.11434951107208516;0.24421607489615502;0.755783925103845;0.125174577620366;1.0520537843261948;0.00045473272183956854
249;0.1119446054918632;0.24549946564994196;0.754500534350058;0.12876291423749284;1.0463592057741278;0.0004506116804298827
249.5;0.10960589023329588;0.24678993161435794;0.7532100683856421;0.13229591258213957;1.0406949539228791;0.0004465358427926949
250;0.10733124506960975;0.24808751184636652;0.7519124881536334;0.13577559890342136;1.0350608739618943;0.00044250462497359634
250.5;0.10511862619992385;0.2493922456178189;0.7506077543821811;0.13920392854655728;1.0294568117695742;0.0004385174515759997
251;0.1029660632186782;0.2507041724166476;0.7492958275833523;0.1425827887561822;1.0238826139119965;0.0004345737556226433
251.5;0.10087165621533742;0.2520233319480662;0.7479766680519337;0.1459140013599431;1.0183381276415995;0.00043067297842048905
252;0.09883357299836677;0.2533497641357756;0.7466502358642244;0.14919932533786393;1.0128232008958313;0.00042681456942724583
252.5;0.09685004643776404;0.2546835091231766;0.7453164908768234;0.15244045928270347;1.0073376822957643;0.00042299798612052046
253;0.09491937192071745;0.25602460727458953;0.7439753927254105;0.15563904375627108;1.001881421144672;0.000419222693869414
253.5;0.09303990491522152;0.2573730991764802;0.7426269008235198;0.15879666354642527;0.9964542674265768;0.0004154881658079245
254;0.09121005863673474;0.25872902563869216;0.7412709743613078;0.1619148498292521;0.9910560718047641;0.00041179388271051745
254.5;0.08942830181319994;0.2600924276956861;0.7399075723043139;0.1649950822407056;0.9856866856202644;0.00040813933287047637
255;0.08769315654397578;0.26146334660778586;0.7385366533922142;0.1680387908617834;0.9803459608903057;0.0004045240119797456
255.5;0.08600319624844395;0.2628418238624313;0.7371581761375687;0.17104735812111563;0.9750337503067369;0.0004009474230107255
256;0.08435704370025547;0.2642279011754373;0.7357720988245626;0.17402212061866298;0.9697499072344247;0.00039740907610042863
256.5;0.08275336914337589;0.2656216204922605;0.7343783795077394;0.17696437087404301;0.9644942857096168;0.0003939084884371212
257;0.08119088848627519;0.26702302398927236;0.7329769760107276;0.17987535900283094;0.9592667404382865;0.00039044518414743423
257.5;0.07966836157077604;0.2684321540750392;0.7315678459249608;0.1827562943240315;0.9540671267944452;0.0003870186941872404
258;0.0781845905122444;0.2698490533916092;0.7301509466083909;0.18560834690176173;0.9488953008184324;0.00038362855623281963
258.5;0.07673841810796325;0.27127376481580684;0.7287262351841932;0.18843264902404125;0.9437511192151828;0.0003802743145744453
259;0.07532872631067553;0.27270633146053347;0.7272936685394665;0.19123029662145483;0.9386344393524662;0.00037695552001251184
259.5;0.07395443476442996;0.27414679667607555;0.7258532033239244;0.19400235062831722;0.9335451192591095;0.0003736717297542781
260;0.07261449939999165;0.27559520405142;0.72440479594858;0.19674983828885328;0.9284830176231912;0.0003704225073133263
260.5;0.0713079110872153;0.27705159741557683;0.7229484025844232;0.19947375441078172;0.9234479937902206;0.00036720742240944486
261;0.0700336943418908;0.27851602083890814;0.7214839791610919;0.20217506256858975;0.918439907761292;0.000364026050872277
261.5;0.068790906084696;0.2799885186344656;0.7200114813655344;0.20485469625867025;0.9134586201912216;0.0003608779745442842
262;0.06757863444999433;0.281469135359334;0.7185308646406661;0.2075135600084011;0.9085039923866637;0.00035776278118718966
262.5;0.06639599764232484;0.2829579158159828;0.7170420841840173;0.21015253044114351;0.9035758863042112;0.0003546800643887267
263;0.06524214283852563;0.28445490505362564;0.7155450949463744;0.21277245729905334;0.8986741645484717;0.00035162942347196735
263.5;0.06411624513353455;0.28596014836958533;0.7140398516304147;0.2153741644255021;0.8937986903701373;0.0003486104634055381
264;0.06301750652799122;0.28747369131066813;0.7125263086893319;0.21795845070883538;0.8889493276640271;0.00034562279471561007
264.5;0.06194515495585778;0.2889955796745452;0.7110044203254549;0.22052609098910692;0.8841259409671202;0.00034266603339899824
265;0.060898443350353874;0.29052585951114035;0.7094741404888596;0.22307783692935687;0.8793283954565712;0.00033973980083868175
265.5;0.059876648746578436;0.29206457712402717;0.7079354228759729;0.22561441785293307;0.8745565569477105;0.00033684372371945906
266;0.05887907141926634;0.29361177907183217;0.7063882209281678;0.22813654154828322;0.8698102918920323;0.00033397743394599324
266.5;0.057905034054196884;0.2951675121696468;0.7048324878303531;0.23064489504258448;0.8650894673751672;0.00033114056856189516
267;0.05695388095183782;0.29673182349044647;0.7032681765095535;0.2331401453455142;0.8603939511148406;0.00032833276967022385
267.5;0.05602497726187486;0.2983047603665172;0.7016952396334828;0.2356229401644062;0.8557236114588246;0.0003255536843547744
268;0.05511770824733121;0.29988637039089083;0.7001136296091092;0.23809390859198706;0.8510783173828685;0.0003228029646039605
268.5;0.05423147857704731;0.3014767014187876;0.6985232985812124;0.2405536617678247;0.8464579384886244;0.0003200802672347661
269;0.05336571164534006;0.30307580156906605;0.696924198430934;0.24300279351457904;0.8418623450015612;0.0003173852538183559
269.5;0.052519848917714565;0.304683719225682;0.6953162807743181;0.24544188095009398;0.8372914077688655;0.00031471759060703897
270;0.05169334930155288;0.3063005030391547;0.6936994969608453;0.24787148507632262;0.832744998257333;0.00031207694846248726
270.5;0.05088568854075046;0.3079262019280412;0.6920737980719588;0.2502921513460357;0.8282229885512514;0.0003094630027849518
271;0.050096358633316934;0.3095608650804188;0.6904391349195812;0.2527044102082205;0.823725251350275;0.00030687543344364124
271.5;0.04932486727099963;0.31120454195537545;0.6887954580446245;0.2551087776330403;0.8192516599672869;0.00030431392470843337
272;0.048570737300031454;0.31285728228450893;0.6871427177154911;0.25750575561718336;0.8148020883262539;0.0003017781651829309
272.5;0.047833506202144264;0.31451913607343307;0.6854808639265669;0.25989583267039457;0.8103764109600773;0.0002992678477380593
273;0.047112725595023;0.31619015360329356;0.6838098463967064;0.2622794842839524;0.8059745030084319;0.000296782669446749
273.5;0.046407960751415116;0.31787038543229057;0.6821296145677094;0.26465717338181644;0.8015962402155996;0.0002943223315207444
274;0.04571879013614212;0.31955988239721184;0.6804401176027881;0.2670293507551422;0.7972414989282934;0.00029188653924721794
274.5;0.045044804960294275;0.3212586956149711;0.6787413043850289;0.26939645548082713;0.7929101560934815;0.00028947500192697987
275;0.04438560875191715;0.3229668764841583;0.6770331235158418;0.2717589153247279;0.788602089256198;0.0002870874328136461
275.5;0.043740816942531874;0.3246844766865958;0.6753155233134043;0.27411714713015795;0.7843171765573513;0.00028472354905415237
276;0.04311005646885844;0.32641154818890394;0.6735884518110961;0.27647155719224714;0.7800552967315305;0.000282383071629195
276.5;0.04249296538913494;0.3281481432440758;0.6718518567559242;0.278822541618728;0.7758163291047981;0.0002800657252962986
277;0.04188919251345773;0.3298943143930594;0.6701056856069406;0.28117048667767797;0.7716001535924883;0.00027777123853210727
277.5;0.041298397047585075;0.3316501144663496;0.6683498855336504;0.2835157691327365;0.767406650696992;0.0002754993434768241
278;0.04072024824967643;0.33341559658558806;0.6665844034144119;0.2858587565662834;0.7632357015055445;0.00027324977587898686
278.5;0.040154425099456874;0.33519081416517243;0.6648091858348275;0.28819980769105297;0.7590871876880049;0.00027102227504141683
279;0.039600615979322136;0.33697582091387385;0.6630241790861262;0.29053927265063234;0.7549609914946365;0.00026881658376779014
279.5;0.039058518366915304;0.33877067083646417;0.6612293291635358;0.2928774933092786;0.750856995753878;0.0002666324483101732
280;0.03852783853873087;0.34057541823535076;0.6594245817646492;0.295214803531466;0.7467750838701188;0.00026446961831803607
280.5;0.03800829128431647;0.3423901177122218;0.6576098822877783;0.2975515294515629;0.7427151398214668;0.0002623278467863898
281;0.037499599630662184;0.34421482416969934;0.6557851758303006;0.2998879897340179;0.7386770481575158;0.00026020689000715914
281.5;0.03700149457638421;0.34604959281300235;0.6539504071869977;0.3022244958244197;0.7346606939971104;0.0002581065075195808
282;0.03651371483532649;0.3478944791516183;0.6521055208483817;0.3045613521917804;0.7306659630261112;0.00025602646206125196
282.5;0.03603600658921741;0.349749539000984;0.6502504609990161;0.3068988565623792;0.7266927414951544;0.00025396651952206204
283;0.03556812324903652;0.35161482848417613;0.6483851715158239;0.30923730014548656;0.7227409162174141;0.00025192644889595434
283.5;0.035109825224758084;0.3534904040336103;0.6465095959663897;0.31157696785127714;0.7188103745663622;0.0002499060222360987
284;0.03466087970315277;0.35537632239275;0.64462367760725;0.3139181385012298;0.714901004473527;0.0002479050146090388
284.5;0.0342210604333421;0.35727264061782493;0.6427273593821751;0.31626108503129585;0.7110126944262518;0.0002459232040503849
285;0.03379014751981211;0.35917941607955833;0.6408205839204417;0.3186060746881102;0.7071453334654532;0.0002439603715210329
285.5;0.033367927222605245;0.3610967064649042;0.6389032935350958;0.3209533692185049;0.7032988111833804;0.00024201630086373647
286;0.03295419176441961;0.3630245697787936;0.6369754302212064;0.3233032250525783;0.6994730177213723;0.0002400907787617233
286.5;0.03254873914435786;0.3649630643458918;0.6350369356541081;0.3256558934805592;0.6956678437676157;0.0002381835946955272
287;0.03215137295807614;0.366912248812363;0.6330877511876369;0.3280116208236957;0.6918831805549075;0.00023629454090315626
287.5;0.031761902224094314;0.36887218214764633;0.6311278178523536;0.3303706485993956;0.6881189198584113;0.00023442341233941943
288;0.03138014121603964;0.3708429236462414;0.6291570763537586;0.33273321368082515;0.6843749539934219;0.0002325700066356266
288.5;0.031005909300602104;0.3728245329295034;0.6271754670704965;0.3350995484511768;0.6806511758131238;0.00023073412406102368
289;0.030639030780992015;0.37481706994744757;0.6251829300525524;0.3374698809527972;0.6769474787063583;0.00022891556748450847
289.5;0.03027933474569596;0.3768205949805645;0.6231794050194355;0.3398444350313684;0.6732637565953864;0.0002271141423360263
290;0.029926654922336666;0.37883516864164535;0.6211648313583547;0.3422234304753214;0.669599903933656;0.00022532965657002653
290.5;0.029580829536449887;0.3808608518776158;0.6191391481223842;0.34460708315065663;0.6659558157035705;0.00022356192062861465
291;0.029241701174998583;0.3828977059713821;0.6171022940286179;0.34699560513133915;0.6623313874142601;0.0002218107474048688
291.5;0.028909116654451443;0.3849457925436854;0.6150542074563146;0.3493892048254291;0.6587265150993538;0.00022007595220843113
292;0.028582926893260273;0.38700517355496744;0.6129948264450326;0.3517880870971018;0.6551410953147543;0.00021835735272953714
292.5;0.028262986788576784;0.3890759113072461;0.6109240886927538;0.3541924533847069;0.6515750251364172;0.00021665476900533537
293;0.027949155097055412;0.3911580684460013;0.6088419315539987;0.35660250181500824;0.6480282021581292;0.00021496802338567104
293.5;0.02764129431959524;0.3932517079620714;0.6067482920379286;0.359018427313743;0.6445005244892928;0.00021329694049960292
294;0.027339270589879252;0.3953568931935592;0.6046431068064408;0.36144042171263024;0.6409918907527122;0.00021164134722315194
294.5;0.02704295356657506;0.3974736878277504;0.6025263121722496;0.3638686738529586;0.6375022000823812;0.00021000107264645759
295;0.026752216329066197;0.39960215590303994;0.6003978440969601;0.36630336968587235;0.6340313521212763;0.00020837594804254349
295.5;0.02646693527658847;0.40174236181087114;0.5982576381891289;0.3687446923694743;0.6305792470191528;0.00020676580683580355
296;0.02618699003064979;0.4038943702976848;0.5961056297023152;0.3711928223628604;0.6271457854303428;0.00020517048457087717
296.5;0.025912263340618052;0.40605824646687805;0.593941753533122;0.3736479375171901;0.623730868511559;0.00020358981888298026
297;0.02564264099236442;0.40823405578077593;0.591765944219224;0.3761102131639024;0.6203343979197001;0.00020202364946777612
297.5;0.02537801171985487;0.41042186406261166;0.5895781359373884;0.3785798222001734;0.6169562758096623;0.00020047181805183723
298;0.02511826711958598;0.4126217374985197;0.5873782625014803;0.3810569351717159;0.6135964048321515;0.00019893416836408684
298.5;0.02486330156776605;0.41483374263953837;0.5851662573604617;0.38354172035301104;0.6102546881315034;0.00019741054610734887
299;0.024613012140144858;0.41705794640362465;0.5829420535963754;0.38603434382506396;0.6069310293435051;0.00019590079892974803
299.5;0.024367298534400294;0.4192944160776785;0.5807055839223215;0.3885349695507685;0.6036253325932212;0.00019440477639844363
300;0.0241260629949933;0.42154321931958055;0.5784567806804195;0.39104375944796427;0.6003375024928259;0.00019292232997067854
300.5;0.023889210240404628;0.4238044241602384;0.5761955758397617;0.3935608734602662;0.5970674441394381;0.0001914533129687714
301;0.023656647392672467;0.42607809900564675;0.5739219009943533;0.3960864696257434;0.5938150631129606;0.00018999758055280601
301.5;0.023428283909150565;0.42836431263895686;0.5716356873610431;0.398620704143522;0.5905802654739253;0.00018855498969497987
302;0.02320403151641146;0.43066313422255836;0.5693368657774416;0.40116373143838185;0.5873629577613435;0.00018712539915427973
302.5;0.022983804146220626;0.4329746333001725;0.5670253666998275;0.4037157042234182;0.584163046990559;0.00018570866945122477
303;0.022767517873511136;0.4352988797989563;0.5647011202010437;0.4062767735608324;0.5809804406511074;0.00018430466284300088
303.5;0.022555090856291083;0.43763594403161954;0.5623640559683805;0.4088470889209173;0.577815046704581;0.00018291324329965342
304;0.02234644327741711;0.4399858966985518;0.5600141033014482;0.4114267982392969;0.574666773582497;0.00018153427647950234
304.5;0.022141497288171972;0.44234880888996253;0.5576511911100375;0.41401604797248165;0.5715355301841732;0.00018016762970595075
305;0.021940176953584318;0.444724752088032;0.555275247911968;0.4166149831517945;0.5684212258746068;0.00017881317194404786
305.5;0.021742408199432524;0.4471137981690749;0.5528862018309251;0.4192237474357246;0.5653237704823588;0.00017747077377780178
306;0.021548118760875805;0.44951601940571506;0.5504839805942849;0.4218424831607599;0.5622430742974461;0.00017614030738758148
306.5;0.021357238132658062;0.4519314884690726;0.5480685115309274;0.42447133139075094;0.5591790480692358;0.00017482164652774182
307;0.021169697520832035;0.45436027843096327;0.5456397215690367;0.42711043196485565;0.5561316030043469;0.000173514666505356
307.5;0.020985429795952904;0.4568024627661092;0.5431975372338909;0.4297599235441104;0.5531006507645577;0.00017221924415782703
308;0.02080436944769297;0.4592581153543628;0.5407418846456372;0.43241994365667613;0.5500861034647178;0.00017093525783263484
308.5;0.020626452540829728;0.46172731048294174;0.5382726895170582;0.4350906287418011;0.5470878736706668;0.00016966258736569038
309;0.02045161667256217;0.4642101228486779;0.5357898771513221;0.4377721141925454;0.5441058743971573;0.00016840111406157612
309.5;0.020279800931112067;0.46670662756027653;0.5332933724397235;0.44046453439730526;0.5411400191057862;0.00016715072067238155
310;0.020110945855567115;0.46921690014058975;0.5307830998594103;0.4431680227801803;0.53819022170293;0.0001659112913789335
310.5;0.019944993396925802;0.47174101652890177;0.5282589834710982;0.44588271184021916;0.5352563965376853;0.0001646827117698513
311;0.019781886880304682;0.4742790530832263;0.5257209469167736;0.44860873318958217;0.5323384583998182;0.00016346486882371915
311.5;0.019621570968270018;0.4768310865826178;0.5231689134173823;0.4513462175906556;0.5294363225177168;0.00016225765088843865
312;0.019463991625257245;0.47939719422949395;0.5206028057705061;0.4540952949921526;0.5265499045563513;0.00016106094766379754
312.5;0.019309096083043174;0.48197745365197237;0.5180225463480277;0.45685609456423426;0.5236791206152398;0.0001598746501824094
313;0.019156832807236655;0.48457194290621897;0.515428057093781;0.4596287447326805;0.5208238872264209;0.00015869865079177334
313.5;0.01900715146475503;0.48718074047881027;0.5128192595211898;0.46241337321214654;0.5179841213524311;0.0001575328431359667
314;0.01886000289225457;0.489803925289108;0.510196074710892;0.4652101070385285;0.5151597403842898;0.00015637712213833406
314.5;0.018715339065484476;0.492441576691647;0.507558423308353;0.46801907260047293;0.5123506621394903;0.00015523138398439835
315;0.01857311306953463;0.4950937744785365;0.5049062255214636;0.47084039567005337;0.5095568048599969;0.00015409552610381796
315.5;0.018433279069948745;0.4977605988818743;0.5022394011181257;0.47367420143264444;0.5067780872102478;0.00015296944715453161
316;0.018295792284675535;0.5004421305761745;0.4995578694238255;0.47652061451601646;0.5040144282751657;0.0001518530470055945
316.5;0.018160608956830963;0.5031384506808083;0.4968615493191917;0.4793797590186784;0.5012657475581747;0.00015074622672089574
317;0.018027686328246247;0.5058496407624591;0.4941503592375409;0.4822517585374905;0.4985319649792215;0.00014964888854288207
317.5;0.01789698261377654;0.5085757828375889;0.49142421716241114;0.4851367361945727;0.49581300087280666;0.00014856093587734047
318;0.01776845697634657;0.511316959374922;0.48868304062507795;0.4880348146635295;0.4931087759860188;0.0001474822732771476
318.5;0.017642069502710068;0.5140732532979387;0.48592674670206126;0.4909461161950138;0.49041921147657885;0.0001464128064267726
319;0.017517781179900358;0.5168447479873846;0.48315525201261544;0.49387076264165203;0.48774422891088703;0.00014535244212771436
319.5;0.017395553872351158;0.5196315272837936;0.4803684727162064;0.49680887548234676;0.48508375026208095;0.00014430108828250476
320;0.017275350299665815;0.5224336754900247;0.47756632450997527;0.49976057584598416;0.48243769790809554;0.0001432586538814952
320.5;0.017157134015015806;0.5252512773738127;0.4747487226261873;0.5027259845345557;0.4798059946297335;0.00014222504898674158
321;0.017040869384148317;0.5280844181703324;0.47191558182966764;0.5057052220457213;0.47718856360874085;0.00014120018471908437
321.5;0.016926521564984334;0.5309331835847776;0.4690668164152224;0.5086984085948255;0.474585328425889;0.00014018397324284625
322;0.01681405648778914;0.5337976597949552;0.4662023402050448;0.5117056641363882;0.47199621305906403;0.00013917632775282574
322.5;0.016703440835897393;0.5366779334538915;0.4633220665461085;0.5147271083850832;0.46942114188136214;0.0001381771624600681
323;0.016594642026976095;0.5395740916924538;0.46042590830754615;0.5177628608362225;0.4668600396591932;0.00013718639257885885
323.5;0.016487628194809027;0.5424862221219876;0.4575137778780124;0.5208130407857623;0.4643128315503944;0.00013620393430775746
324;0.016382368171584876;0.5454144128369663;0.45458558716303366;0.5238777673498451;0.461779443102327;0.00013522970483816855
324.5;0.01627883147067902;0.5483587524176574;0.4516412475823426;0.5269571594838905;0.45925980025002916;0.00013426362230848661
325;0.016176988269906795;0.5513193299328015;0.4486806700671985;0.5300513360012524;0.456753829314326;0.00013330560581415235
325.5;0.016076809395239353;0.5542962349423084;0.4457037650576916;0.5331604155914553;0.4542614569999704;0.0001323555753886306
326;0.015978266304966213;0.5572895574999648;0.4427104425000352;0.5362845168380191;0.451782610393789;0.00013141345199206678
326.5;0.015881331074290937;0.5602993881561615;0.43970061184383846;0.5394237582358922;0.44931721696282917;0.00013047915749791995
327;0.01578597638034765;0.5633258179606304;0.4366741820393696;0.542578258208497;0.44686520455251955;0.00012955261468240446
327.5;0.01569217548762513;0.566368938465201;0.433631061534799;0.5457481351244078;0.4444265013848327;0.00012863374721113215
328;0.01559990223378662;0.5694288417265688;0.4305711582734312;0.5489335073136656;0.4420010360564568;0.00012772247962876458
328.5;0.01550913101587368;0.5725056203090818;0.4274943796909182;0.5521344930837472;0.4395887375369732;0.0001268187373470412
329;0.01541983677688237;0.5755993672875404;0.42440063271245965;0.5553512107351943;0.437189535167042;0.00012592244663302106
329.5;0.015331994992700996;0.5787101762500125;0.42128982374998747;0.5585837785769161;0.4348033586565935;0.0001250335345988679
330;0.01524558165939867;0.5818381413006667;0.4181618586993333;0.5618323149411752;0.43243013808302744;0.00012415192918978693
330.5;0.015160573280854149;0.5849833570626175;0.4150166429373825;0.5650969381982657;0.4300698038894184;0.00012327755917457804
331;0.015076946856715423;0.5881459186807895;0.41185408131921053;0.5683777667708932;0.4277222868827287;0.00012241035413343508
331.5;0.014994679870679702;0.5913259218247946;0.4086740781752054;0.5716749191482677;0.42538751823202814;0.00012155024444883959
332;0.014913750279085104;0.5945234626918278;0.40547653730817224;0.5749885138999156;0.4230654294667203;0.00012069716129366346
332.5;0.014834136499804414;0.5977386380095764;0.4022613619904236;0.578318669689221;0.4207559524747763;0.00011985103662278834
333;0.014755817401432529;0.6009715450391464;0.3990284549608536;0.5816655052867047;0.41845901950097575;0.000119011803161075
333.5;0.014678772292758727;0.604222281578006;0.39577771842199405;0.58502913958305;0.41617456314515333;0.00011817939439517209
334;0.014602980912515811;0.6074909459629432;0.3925090540370568;0.5884096916018798;0.4139025163604537;0.00011735374456246593
334.5;0.014528423419397925;0.6107776370730417;0.38922236292695833;0.5918072805122971;0.41164281245159245;0.00011653478864263518
335;0.01445508038233949;0.6140824543326713;0.3859175456673287;0.5952220256411915;0.40939538507312573;0.00011572246234617904
335.5;0.014382932771047552;0.6174054977144973;0.38259450228550274;0.598654046485325;0.4071601682277235;0.00011491670210789456
336;0.014311961946780425;0.6207468677425033;0.3792531322574967;0.6021034627231971;0.4049370962644531;0.00011411744507491473
336.5;0.014242149653365668;0.624106665495034;0.375893334504966;0.6055703942267016;0.4027261038770682;0.000113324629099153
337;0.014173478008450306;0.6274849926078518;0.37251500739214816;0.6090549610725783;0.4005271261023049;0.00011253819272733962
337.5;0.01410592949497695;0.6308819512772124;0.36911804872278764;0.6125572835536675;0.3983400983181843;0.00011175807519372806
338;0.014039486952879338;0.6342976442629562;0.3657023557370438;0.6160774821899732;0.3961649562423228;0.00011098421640984625
338.5;0.01397413357099103;0.6377321748916174;0.3622678251083826;0.6196156777395403;0.39400163593024917;0.00011021655695622341
339;0.013909852879161294;0.6411856470595496;0.3588143529404504;0.6231719912091526;0.39185007377372827;0.00010945503807414658
339.5;0.013846628740572353;0.6446581652360689;0.3553418347639311;0.6267465438648555;0.38971020649909166;0.0001086996016575487
340;0.01378444534425239;0.6481498344666148;0.3518501655333852;0.6303394572423124;0.38758197116557525;0.0001079501902440823
340.5;0.013723287197778627;0.6516607603759279;0.3483392396240721;0.6339508531569953;0.38546530516366384;0.00010720674700776951
341;0.013663139120165571;0.6551910491712455;0.3448089508287545;0.6375808537142181;0.383360146213443;0.00010646921574988683
341.5;0.013603986234932764;0.6587408076455139;0.3412591923544861;0.6412295813190172;0.3812664323629569;0.00010573754089252575
342;0.01354581396334745;0.6623101431806204;0.3376898568193796;0.6448971586858824;0.37918410198657354;0.00010501166746962836
342.5;0.013488608017837193;0.6658991637506407;0.33410083624935927;0.6485837088483453;0.3771130937833576;0.00010429154111941892
343;0.013432354395567555;0.669507977925106;0.33049202207489403;0.6522893551684277;0.3750533467754485;0.00010357710807788409
343.5;0.013377039372180762;0.6731366948722876;0.32686330512771244;0.6560142213459553;0.3730048003064468;0.00010286831516939594
344;0.013322649495690213;0.6767854243624992;0.3232145756375008;0.659758431427742;0.37096739403980633;0.00010216510980149457
344.5;0.013269171580527353;0.6804542767714175;0.31954572322858255;0.6635221098166451;0.36894106795723497;0.000101467439955897
345;0.013216592701736106;0.684143363083422;0.31585663691657795;0.6673053812805014;0.3669257623570992;0.00010077525418201274
345.5;0.01316490018931118;0.6878527948949521;0.3121472051050479;0.6711083709609438;0.3649214178528387;0.00010008850159054579
346;0.01311408162267621;0.6915826844178827;0.30841731558211727;0.6749312043821017;0.36292797537138594;0.00009940713184477648
346.5;0.013064124825298035;0.6953331444829202;0.30466685551707984;0.6787740074591938;0.36094537615159233;0.0000987310951559073
347;0.013015017859433186;0.6991042885430142;0.3008957114569858;0.68263690650701;0.35897356174266265;0.00009806034227417295
347.5;0.012966749021003381;0.7028962306767906;0.29710376932320937;0.6865200282482928;0.35701247400259506;0.00009739482448371758
348;0.012919306834596167;0.7067090855920032;0.2932909144079968;0.6904234998220165;0.355062055096628;0.00009673449359498296
348.5;0.012872680048587689;0.7105429686290025;0.28945703137099754;0.6943474487915693;0.3531222474956942;0.00009607930193899589
349;0.012826857630384008;0.7143979957642261;0.28560200423577387;0.6982920031528436;0.3511929939748815;0.0000954292023598241
349.5;0.012781828761777912;0.7182742836137065;0.2817257163862935;0.702257291342232;0.34927423761189913;0.00009478414821082447
350;0.012737582834418395;0.7221719494365998;0.2778280505634002;0.7062434422445398;0.3473659217855532;0.00009414409334381076
350.5;0.012694109445389228;0.7260911111387321;0.27390888886126785;0.7102505852008097;0.34546799017422586;0.00009350899210820744
351;0.01265139839289435;0.7300318872761666;0.26996811272383336;0.7142788500160652;0.3435803867543643;0.00009287879934068128
351.5;0.012609439672046772;0.7339943970587909;0.2660056029412091;0.7183283669669767;0.3417030557989732;0.00009225347036242892
352;0.012568223470758545;0.7379787603539217;0.26202123964607826;0.722399266809449;0.33983594187611604;0.00009163296097087444
352.5;0.012527740165729048;0.7419850976899331;0.25801490231006685;0.7264916807861366;0.33797898984742325;0.00009101722743381742
353;0.012487980318528914;0.7460135302599007;0.2539864697400993;0.730605740633887;0.33613214486660464;0.00009040622648687557
353.5;0.012448934671777163;0.7500641799252694;0.24993582007473059;0.7347415785911158;0.3342953523779707;0.00008979991532373578
354;0.012410594145409279;0.7541371692195391;0.2458628307804609;0.7388993274051153;0.3324685581149604;0.00008919825159289148
354.5;0.012372949833033423;0.7582326213519721;0.2417673786480279;0.7430791203393006;0.3306517080986735;0.00008860119339132288
355;0.012335992998372954;0.7623506602113196;0.2376493397886804;0.7472810911803905;0.32884474863641194;0.00008800869925990762
355.5;0.012299715071792694;0.7664914103695704;0.23350858963042964;0.7515053742455347;0.3270476263202259;0.00008742072817742793
356;0.012264107646906953;0.7706549970857187;0.22934500291428128;0.7557521043893782;0.3252602880254675;0.00008683723955444888
356.5;0.01222916247726708;0.7748415463095537;0.2251584536904463;0.7600214170110746;0.32348268090935106;0.00008625819323034652
357;0.012194871473126596;0.7790511846854699;0.22094881531453014;0.7643134480612447;0.3217147524095186;0.00008568354946531782
357.5;0.012161226698281775;0.7832840395562977;0.21671596044370234;0.7686283340488851;0.3199564502426129;0.00008511326893766207
358;0.012128220366985902;0.7875402389671563;0.2124597610328437;0.7729662120482264;0.31820772240285716;0.00008454731273813811
358.5;0.012095844840935156;0.7918199116693274;0.20818008833067259;0.7773272197055466;0.3164685171606403;0.00008398564236365373
359;0.01206409262632454;0.796123187124149;0.20387681287585102;0.7817114952459367;0.3147387830611092;0.00008342821971455665
359.5;0.012032956370971647;0.8004501955069326;0.19954980449306736;0.7861191774800251;0.31301846892276763;0.00008287500708786759
360;0.012002428861507024;0.8048010677109017;0.19519893228909835;0.7905504058106594;0.31130752383608024;0.00008232596717401035
360.5;0.011972503020629117;0.80917593535115;0.19082406464885004;0.7950053202395484;0.3096058971620848;0.0000817810630511587
361;0.011943171904422309;0.8135749307686244;0.18642506923137558;0.799484061373866;0.30791353853100933;0.00008124025818079356
361.5;0.011914428699736329;0.8179981870341275;0.18200181296587248;0.8039867704328181;0.3062303978408964;0.00008070351640405217
362;0.01188626672162575;0.8224458379523436;0.1775541620476564;0.8085135892541755;0.30455642525623283;0.00008017080193607236
362.5;0.011858679410847691;0.8269180180658862;0.17308198193411384;0.8130646603007726;0.3028915712065875;0.00007964207936075567
363;0.011831660331416595;0.8314148626593684;0.16858513734063163;0.817640126666974;0.30123578638525234;0.00007911731363042799
363.5;0.01180520316821456;0.8359365077634953;0.16406349223650474;0.8222401320851118;0.2995890217478935;0.00007859647005501777
364;0.011779301724655668;0.8404830901591787;0.15951690984082134;0.8268648209318925;0.2979512285112053;0.00007807951430406823
364.5;0.011753949920403217;0.8450547473816751;0.15494525261832492;0.831514338234777;0.2963223581515723;0.00007756641239949358
365;0.01172914178913845;0.849651617724747;0.15034838227525305;0.8361888296783355;0.2947023624037374;0.00007705713071046356
365.5;0.011704871476379398;0.854273840244845;0.14572615975515502;0.8408884416105747;0.2930911932594751;0.00007655163595137944
366;0.011681133237348854;0.8589215547653155;0.1410784452346845;0.8456133210492447;0.2914888029662722;0.00007604989517837425
366.5;0.011657921434889912;0.8635949018806304;0.13640509811936963;0.8503636156881215;0.2898951440260142;0.00007555187578234714
367;0.011635230537428275;0.8682940229606398;0.13170597703936016;0.8551394739032693;0.28831016919367697;0.00007505754548669131
367.5;0.011613055116979916;0.8730190601548489;0.12698093984515113;0.8599410447592826;0.28673383147602627;0.00007456687234418402
368;0.011591389847203152;0.8777701563967175;0.12222984360328248;0.8647684780155099;0.2851660841303215;0.00007407982473220091
368.5;0.011570229501493862;0.8825474554079854;0.1174525445920146;0.8696219241322609;0.28360688066302675;0.00007359637134956982
369;0.011549568951123051;0.8873511017030186;0.11264889829698144;0.8745015342769948;0.2820561748285275;0.00007311648120992787
369.5;0.011529403163415523;0.8921812405931812;0.10781875940681884;0.8794074603304964;0.2805139206278537;0.00007264012364427143
370;0.011509727199968744;0.8970380181912319;0.10296198180876814;0.884339854893036;0.2789800723074074;0.00007216726829007398
370.5;0.0114905362149109;0.9019215814157437;0.09807841858425626;0.8892988712905174;0.27745458435769893;0.00007169788509301479
371;0.011471825453197306;0.9068320779955483;0.09316792200445168;0.8942846635806132;0.27593741151208656;0.00007123194430117786
371.5;0.01145359024894409;0.9117696564742046;0.0882303435257954;0.8992973865588892;0.27442850874552377;0.00007076941646101395
372;0.011435826023798352;0.9167344662144932;0.08326553378550683;0.9043371957649197;0.27292783127331144;0.00007031027241532606
372.5;0.011418528285343899;0.9217266574029336;0.07827334259706642;0.9094042474883917;0.2714353345498564;0.00006985448329941438
373;0.01140169262554178;0.9267463810543288;0.07325361894567117;0.9144986987752036;0.26995097426743564;0.00006940202053855832
373.5;0.011385314719204615;0.9317937890163323;0.06820621098366775;0.9196207074335547;0.2684747063549673;0.00006895285584150941
374;0.011369390322504133;0.9368690339740422;0.0631309660259578;0.924770432040029;0.2670064869767857;0.00006850696120011375
374.5;0.011353915271510964;0.9419722694546205;0.05802773054537946;0.9299480319456742;0.26554627253142377;0.00006806430888597038
375;0.011338885480766015;0.9471036498319365;0.05289635016806349;0.935153667282076;0.26409401965040097;0.00006762487144704791
375.5;0.011324296941882622;0.9522633303312372;0.04773666966876278;0.9403874989674277;0.2626496851970162;0.00006718862170342922
376;0.011310145722178859;0.9574514670338433;0.04254853296615668;0.9456496887125986;0.2612132262651475;0.00006675553274403211
376.5;0.01129642796333915;0.9626682168818702;0.03733178311812979;0.9509403990271993;0.25978460017805666;0.00006632557792322753
377;0.01128313988010458;0.9679137376829755;0.032086262317024494;0.956259793225646;0.2583637644872003;0.00006589873086531449
377.5;0.011270277758991348;0.9731881881151339;0.026811811884866144;0.9616080354332254;0.256950676971046;0.00006547496544603847
378;0.011257837957036356;0.9784917277314356;0.021508272268564443;0.9669852905921575;0.2555452956338945;0.00006505425580674379
378.5;0.0112458169005698;0.9838245169649144;0.016175483035085647;0.9723917244676629;0.25414757870470733;0.00006463657633566479
379;0.011234211084013668;0.9891867171334002;0.010813282866599772;0.9778275036540289;0.25275748463594017;0.0000642219016853473
379.5;0.011223017068705928;0.994578490444399;0.005421509555600945;0.9832927955806798;0.2513749721023834;0.00006381020651353902
380;0.01121223148174917;1;0;0.9887877685182508;0.24999999999999997;NaN
